Compound,M,Pc,Tc,Vc,Tb,Vb,omega,kh_0,-dH_solR,nu_bar,B,dE,K_salt,%                                                                                                                      
,(g/mol),(psia),(deg F),(m^3/mol),(K),(m^3/mol),(--),(mol/dm^3 atm),(K),(m^3/mol),(mm^2/sec),(cal/mol),L/mol,%                                                                          
,,,,,,,,,,,,,,%                                                                          
methane,16.043,667.0282939508,-116.662,9.86E-05,111.66,3.77E-05,0.011,0.0014330395,1575.558872,3.47E-05,-9999,-9999,0.127,
ethane,30.07,706.6235808063,89.906,0.0001455,184.55,5.35E-05,0.099,0.001925175,2333.270391,5.04E-05,-9999,-9999,0.162,
carbon_dioxide,44.01,1069.5078581415,87.746,9.407E-05,194.65,3.73E-05,0.225,0.033943875,2368.9883107964,3.2E-05,-9999,-9999,0.1323,
propane,44.097,616.1200679937,206.024,0.0002,231.02,7.45E-05,0.152,0.00149961,2754.221235,7.07E-05,-9999,-9999,0.194,
i-butane,58.123,527.9371580737,274.46,0.0002627,261.34,-9999,0.186,0.0008739281,2910.574405,8.13E-05,-9999,-9999,0.215,
n-butane,58.123,550.5630362768,305.546,0.000255,272.66,9.66E-05,0.2,0.001195635,3115.036244,7.66E-05,-9999,-9999,0.217,
i-C5,72.15,490.3723987492,369.032,0.0003083,300.99,-9999,0.229,0.00072954,3018.818908,9.53656E-05,-9999,-9999,0.22,
n-C5,72.15,488.7769842605,385.79,0.000311,309.22,0.000118,0.252,0.0008106,3463.824086,9.23E-05,-9999,-9999,0.221,
cyclopentane,70.134,653.8298649989,461.21,0.00026,322.38,9.79E-05,0.1780404004,0.00547155,3247.33508,8.45E-05,-9999,-9999,0.182,
ali_G1,102.50008582294,427.50379628362,531.043965946081,0.000421197822337,374.531706116365,-9999,0.321208169949956,0.001230068079308,4588.69010699843,0.000127083937632,-9999,-9999,0.393,
ali_G2,141.901362964903,305.756985316002,650.210953264172,0.00061412734688,446.284936975138,-9999,0.460443411385368,0.000201451001685,5711.47427670587,0.000174935523407,-9999,-9999,-9999,
ali_G3,156.309464163423,282.215304724206,688.405991564636,0.000685648695334,469.202798971103,-9999,0.509990062578361,0.00011375458954,6159.9246979076,0.0001910539,-9999,-9999,-9999,
ali_G4,170.3358969526,262.313655246652,722.881954952646,0.000753264133066,489.334324768342,-9999,0.555361945061131,0.000115131785338,6612.2898402912,0.00020783752772,-9999,-9999,-9999,
ali_G5,202.462536283574,227.905036728019,789.91695827031,0.000920997846935,529.274181510755,-9999,0.657210835406081,0.000535603996866,7630.64907731137,0.000243529391421,-9999,-9999,-9999,
ali_G6,249.720487692812,190.691437267723,871.677361672369,0.001143765237765,580.378595036954,-9999,0.808914952167431,0.013802626898958,9225.56924337298,0.000297260950174,-9999,-9999,-9999,
ali_G7,275.981426659161,171.31756867275,908.578291370872,0.001299517504788,610.218648533156,-9999,0.887239238022884,0.394354404492124,10019.4015305146,0.000327119020199,-9999,-9999,-9999,
ali_G8,308.376581303112,153.876859692789,948.061043265732,0.001471259116345,639.975680550142,-9999,0.987412020601051,6.73463270317184E-06,11064.1734591318,0.000363952273643,-9999,-9999,-9999,
arom_G1,95.9603557025827,581.657150451937,619.002985887255,0.000331796783195,391.282023528222,-9999,0.278926464357207,0.157801923178301,4380.58784395884,0.000103072769001,-9999,-9999,0.257712180811967,
arom_G2,120.193575919965,469.670397862962,703.421300779757,0.000432448288161,433.939806126681,-9999,0.359760153308108,0.152826197740103,4988.37666959244,0.000133618846058,-9999,-9999,0.311,
arom_G3,134.218384106834,418.734529172784,737.367452203188,0.000468442736931,454.963279520088,-9999,0.352029639669895,0.094291918371909,5555.73352395807,0.000150074473152,-9999,-9999,0.339,
arom_G4,152.739327864474,395.208443703728,808.253038633714,0.000545245277083,480.098133613545,-9999,0.435818283200387,0.362830389323303,6180.69562663528,0.000166648594655,-9999,-9999,0.368,
arom_G5,181.29488217547,354.012192038352,900.199990989178,0.000650459211398,526.294277750776,-9999,0.529689456754334,0.681434933917659,6992.4493955869,0.000195663270783,-9999,-9999,0.391,
arom_G6,213.586731768577,303.9849404062,971.042925303176,0.00077956212656,566.668562117615,-9999,0.638959931736642,1.67570415061966,7942.24304327292,0.000230749824902,-9999,-9999,0.416,
arom_G7,251.241217709369,253.349356433744,1034.50114961625,0.000918807490474,602.74120760081,-9999,0.750400141601581,5.02033911061961,9006.56367912693,0.000270341331954,-9999,-9999,0.441,
arom_G8,279.301847852877,232.26932197337,1088.63473423406,0.00101675408898,639.101638725006,-9999,0.814333992970538,6.6056288208704,9808.67650767984,0.000298949630642,-9999,-9999,0.464,
residue,534.457759772857,102.174518236188,1420.02007703335,0.002004833663843,906.549275964892,-9999,1.50464626605376,-9999,-9999,-9999,-9999,-9999,-9999,
